market,n_orders,avg_delivery_days,sum_sales
Europe,50252,3.4876223831887287,1.0872396795655003E7
Africa,11614,3.5111933872912005,2294452.9252031744
Pacific Asia,41260,3.5005089675230248,8273743.740616939
LATAM,51594,3.508566887622592,1.0277612840942305E7
USCA,25799,3.4847087096399085,5066528.710962281
